trial,makespan,execution_time,initial_temp,cooling_rate,max_iterations,min_temp
0,258,24.075660467147827,500,0.9,100,0.1
1,258,24.503193378448486,500,0.9,100,0.1
2,258,24.28667688369751,500,0.9,100,0.1
0,258,18.390547037124634,500,0.9,100,1.0
1,258,18.421570777893066,500,0.9,100,1.0
2,258,18.322271585464478,500,0.9,100,1.0
0,258,15.173434495925903,500,0.9,100,5.0
1,258,15.230401515960693,500,0.9,100,5.0
2,258,20.441455602645874,500,0.9,100,5.0
0,258,27.90434217453003,500,0.9,300,0.1
1,258,27.946420192718506,500,0.9,300,0.1
2,258,28.064224243164062,500,0.9,300,0.1
0,258,23.641315460205078,500,0.9,300,1.0
1,258,23.172722101211548,500,0.9,300,1.0
2,258,22.906171321868896,500,0.9,300,1.0
0,258,19.139732360839844,500,0.9,300,5.0
1,258,19.080914974212646,500,0.9,300,5.0
2,258,21.69227385520935,500,0.9,300,5.0
0,258,28.92421579360962,500,0.9,500,0.1
1,258,29.017659187316895,500,0.9,500,0.1
2,258,28.89533281326294,500,0.9,500,0.1
0,258,24.90565824508667,500,0.9,500,1.0
1,258,24.676605701446533,500,0.9,500,1.0
2,258,24.791041374206543,500,0.9,500,1.0
0,258,19.308305025100708,500,0.9,500,5.0
1,258,17.613674879074097,500,0.9,500,5.0
2,258,18.51048254966736,500,0.9,500,5.0
0,258,27.141213178634644,500,0.9,700,0.1
1,258,26.8173406124115,500,0.9,700,0.1
2,258,27.107320070266724,500,0.9,700,0.1
0,258,21.899519681930542,500,0.9,700,1.0
1,258,22.035463571548462,500,0.9,700,1.0
2,258,22.16083288192749,500,0.9,700,1.0
0,258,18.47848391532898,500,0.9,700,5.0
1,258,18.546541213989258,500,0.9,700,5.0
2,258,18.27495241165161,500,0.9,700,5.0
0,258,27.11807870864868,500,0.95,100,0.1
1,258,26.783036947250366,500,0.95,100,0.1
2,258,27.542365550994873,500,0.95,100,0.1
0,258,22.280734062194824,500,0.95,100,1.0
1,258,22.08956813812256,500,0.95,100,1.0
2,258,22.065041065216064,500,0.95,100,1.0
0,258,18.713593006134033,500,0.95,100,5.0
1,258,18.628129243850708,500,0.95,100,5.0
2,258,18.408662796020508,500,0.95,100,5.0
0,258,27.22987127304077,500,0.95,300,0.1
1,258,27.35637068748474,500,0.95,300,0.1
2,258,26.623284339904785,500,0.95,300,0.1
0,258,21.856472492218018,500,0.95,300,1.0
1,258,21.848310947418213,500,0.95,300,1.0
2,258,21.75676393508911,500,0.95,300,1.0
0,258,18.033403396606445,500,0.95,300,5.0
1,258,18.54393219947815,500,0.95,300,5.0
2,258,18.445085048675537,500,0.95,300,5.0
0,258,28.02989912033081,500,0.95,500,0.1
1,258,27.234656810760498,500,0.95,500,0.1
2,258,27.46078324317932,500,0.95,500,0.1
0,258,22.332847595214844,500,0.95,500,1.0
1,258,22.38712430000305,500,0.95,500,1.0
2,258,22.451504230499268,500,0.95,500,1.0
0,258,18.57749342918396,500,0.95,500,5.0
1,258,18.928596258163452,500,0.95,500,5.0
2,258,19.05247473716736,500,0.95,500,5.0
0,258,27.782615661621094,500,0.95,700,0.1
1,258,27.961464881896973,500,0.95,700,0.1
2,258,28.096185445785522,500,0.95,700,0.1
0,258,23.202152967453003,500,0.95,700,1.0
1,258,23.145126581192017,500,0.95,700,1.0
2,258,22.90327787399292,500,0.95,700,1.0
0,258,18.990098237991333,500,0.95,700,5.0
1,258,19.638045072555542,500,0.95,700,5.0
2,258,19.799424171447754,500,0.95,700,5.0
0,258,28.55479669570923,500,0.97,100,0.1
1,258,28.50379228591919,500,0.97,100,0.1
2,258,28.8700008392334,500,0.97,100,0.1
0,258,23.08626914024353,500,0.97,100,1.0
1,258,22.725687265396118,500,0.97,100,1.0
2,258,23.182703971862793,500,0.97,100,1.0
0,258,19.17725419998169,500,0.97,100,5.0
1,258,19.379330158233643,500,0.97,100,5.0
2,258,21.46038317680359,500,0.97,100,5.0
0,258,31.99729561805725,500,0.97,300,0.1
1,258,31.702841997146606,500,0.97,300,0.1
2,258,32.02111792564392,500,0.97,300,0.1
0,258,26.733753442764282,500,0.97,300,1.0
1,258,26.9736545085907,500,0.97,300,1.0
2,258,26.68515682220459,500,0.97,300,1.0
0,258,22.830309867858887,500,0.97,300,5.0
1,258,20.30285096168518,500,0.97,300,5.0
2,258,18.028334140777588,500,0.97,300,5.0
0,258,26.730656385421753,500,0.97,500,0.1
1,258,26.540486574172974,500,0.97,500,0.1
2,258,26.348687171936035,500,0.97,500,0.1
0,258,21.27102541923523,500,0.97,500,1.0
1,258,21.691803693771362,500,0.97,500,1.0
2,258,21.952699899673462,500,0.97,500,1.0
0,258,18.33598780632019,500,0.97,500,5.0
1,258,21.522920846939087,500,0.97,500,5.0
2,258,23.082300662994385,500,0.97,500,5.0
0,258,31.316283464431763,500,0.97,700,0.1
1,258,31.14136552810669,500,0.97,700,0.1
2,258,30.823384284973145,500,0.97,700,0.1
0,258,26.776102304458618,500,0.97,700,1.0
1,258,26.5128493309021,500,0.97,700,1.0
2,258,26.43666172027588,500,0.97,700,1.0
0,258,19.52881383895874,500,0.97,700,5.0
1,258,17.308757066726685,500,0.97,700,5.0
2,258,17.65141725540161,500,0.97,700,5.0
0,258,26.114577293395996,500,0.99,100,0.1
1,258,26.436792850494385,500,0.99,100,0.1
2,258,26.082541942596436,500,0.99,100,0.1
0,258,21.193384647369385,500,0.99,100,1.0
1,258,21.1939537525177,500,0.99,100,1.0
2,258,21.26702857017517,500,0.99,100,1.0
0,258,18.06200337409973,500,0.99,100,5.0
1,258,18.06492567062378,500,0.99,100,5.0
2,258,21.671324968338013,500,0.99,100,5.0
0,258,29.68808102607727,500,0.99,300,0.1
1,258,29.531537771224976,500,0.99,300,0.1
2,258,29.320232152938843,500,0.99,300,0.1
0,258,25.160194873809814,500,0.99,300,1.0
1,258,24.662380695343018,500,0.99,300,1.0
2,258,25.1795437335968,500,0.99,300,1.0
0,258,20.521750926971436,500,0.99,300,5.0
1,258,17.14174246788025,500,0.99,300,5.0
2,258,17.110305070877075,500,0.99,300,5.0
0,258,28.65662956237793,500,0.99,500,0.1
1,258,29.667194604873657,500,0.99,500,0.1
2,258,29.885968446731567,500,0.99,500,0.1
0,258,23.04306983947754,500,0.99,500,1.0
1,258,24.11801242828369,500,0.99,500,1.0
2,258,24.183060884475708,500,0.99,500,1.0
0,258,23.04446768760681,500,0.99,500,5.0
1,258,24.57168436050415,500,0.99,500,5.0
2,258,21.161926984786987,500,0.99,500,5.0
0,258,28.153673887252808,500,0.99,700,0.1
1,258,28.164405822753906,500,0.99,700,0.1
2,258,27.492661714553833,500,0.99,700,0.1
0,258,22.405975580215454,500,0.99,700,1.0
1,258,22.455698013305664,500,0.99,700,1.0
2,258,21.0543692111969,500,0.99,700,1.0
0,258,17.554815769195557,500,0.99,700,5.0
1,258,17.094919681549072,500,0.99,700,5.0
2,258,17.996009826660156,500,0.99,700,5.0
0,258,25.900813817977905,1000,0.9,100,0.1
1,258,26.095521211624146,1000,0.9,100,0.1
2,258,25.881336212158203,1000,0.9,100,0.1
0,258,21.044997453689575,1000,0.9,100,1.0
1,258,21.372870445251465,1000,0.9,100,1.0
2,258,21.38205575942993,1000,0.9,100,1.0
0,258,17.44006609916687,1000,0.9,100,5.0
1,258,17.845433950424194,1000,0.9,100,5.0
2,258,18.148820400238037,1000,0.9,100,5.0
0,258,30.22122073173523,1000,0.9,300,0.1
1,258,31.984174489974976,1000,0.9,300,0.1
2,258,31.148667573928833,1000,0.9,300,0.1
0,258,24.421265840530396,1000,0.9,300,1.0
1,258,24.905351400375366,1000,0.9,300,1.0
2,258,24.823596477508545,1000,0.9,300,1.0
0,258,23.65534234046936,1000,0.9,300,5.0
1,258,25.870141744613647,1000,0.9,300,5.0
2,258,26.525848150253296,1000,0.9,300,5.0
0,258,38.599440813064575,1000,0.9,500,0.1
1,258,38.74365997314453,1000,0.9,500,0.1
2,258,38.33140754699707,1000,0.9,500,0.1
0,258,31.42888855934143,1000,0.9,500,1.0
1,258,31.842268228530884,1000,0.9,500,1.0
2,258,31.962111949920654,1000,0.9,500,1.0
0,258,26.659501552581787,1000,0.9,500,5.0
1,258,26.548728704452515,1000,0.9,500,5.0
2,258,26.514026641845703,1000,0.9,500,5.0
0,258,39.00123047828674,1000,0.9,700,0.1
1,258,38.481088161468506,1000,0.9,700,0.1
2,258,38.13302564620972,1000,0.9,700,0.1
0,258,31.454920291900635,1000,0.9,700,1.0
1,258,31.23549509048462,1000,0.9,700,1.0
2,258,31.402946710586548,1000,0.9,700,1.0
0,258,26.32145047187805,1000,0.9,700,5.0
1,258,26.46422028541565,1000,0.9,700,5.0
2,258,26.54300045967102,1000,0.9,700,5.0
0,258,38.10216188430786,1000,0.95,100,0.1
1,258,38.41127920150757,1000,0.95,100,0.1
2,258,38.695637226104736,1000,0.95,100,0.1
0,258,31.259740591049194,1000,0.95,100,1.0
1,258,31.17785334587097,1000,0.95,100,1.0
2,258,31.44344997406006,1000,0.95,100,1.0
0,258,26.321004152297974,1000,0.95,100,5.0
1,258,26.309380769729614,1000,0.95,100,5.0
2,258,26.0958411693573,1000,0.95,100,5.0
0,258,38.0396089553833,1000,0.95,300,0.1
1,258,37.966228723526,1000,0.95,300,0.1
2,258,38.30754995346069,1000,0.95,300,0.1
0,258,31.25540280342102,1000,0.95,300,1.0
1,258,31.4733304977417,1000,0.95,300,1.0
2,258,31.257946014404297,1000,0.95,300,1.0
0,258,26.373827934265137,1000,0.95,300,5.0
1,258,26.28863549232483,1000,0.95,300,5.0
2,258,26.154772520065308,1000,0.95,300,5.0
0,258,38.186968088150024,1000,0.95,500,0.1
1,258,38.527958393096924,1000,0.95,500,0.1
2,258,38.534929275512695,1000,0.95,500,0.1
0,258,31.279584407806396,1000,0.95,500,1.0
1,258,31.043829679489136,1000,0.95,500,1.0
2,258,31.422417163848877,1000,0.95,500,1.0
0,258,26.126785039901733,1000,0.95,500,5.0
1,258,26.373723030090332,1000,0.95,500,5.0
2,258,26.106244325637817,1000,0.95,500,5.0
0,258,38.17386293411255,1000,0.95,700,0.1
1,258,38.23409819602966,1000,0.95,700,0.1
2,258,38.03053569793701,1000,0.95,700,0.1
0,258,31.646564722061157,1000,0.95,700,1.0
1,258,31.208733797073364,1000,0.95,700,1.0
2,258,31.281307220458984,1000,0.95,700,1.0
0,258,26.21748161315918,1000,0.95,700,5.0
1,258,26.175017595291138,1000,0.95,700,5.0
2,258,26.436035871505737,1000,0.95,700,5.0
0,258,38.71854758262634,1000,0.97,100,0.1
1,258,38.4232611656189,1000,0.97,100,0.1
2,258,38.573986291885376,1000,0.97,100,0.1
0,258,31.543957710266113,1000,0.97,100,1.0
1,258,31.407822608947754,1000,0.97,100,1.0
2,258,31.262587070465088,1000,0.97,100,1.0
0,258,26.289087772369385,1000,0.97,100,5.0
1,258,26.254113912582397,1000,0.97,100,5.0
2,258,26.357080936431885,1000,0.97,100,5.0
0,258,38.06954884529114,1000,0.97,300,0.1
1,258,38.08898639678955,1000,0.97,300,0.1
2,258,38.284743309020996,1000,0.97,300,0.1
0,258,31.199515342712402,1000,0.97,300,1.0
1,258,31.098551511764526,1000,0.97,300,1.0
2,258,30.991966485977173,1000,0.97,300,1.0
0,258,26.11530089378357,1000,0.97,300,5.0
1,258,26.21945023536682,1000,0.97,300,5.0
2,258,25.91499948501587,1000,0.97,300,5.0
0,258,38.345531940460205,1000,0.97,500,0.1
1,258,38.392468214035034,1000,0.97,500,0.1
2,258,38.229657888412476,1000,0.97,500,0.1
0,258,30.8632550239563,1000,0.97,500,1.0
1,258,31.530637502670288,1000,0.97,500,1.0
2,258,31.48464846611023,1000,0.97,500,1.0
0,258,26.826053142547607,1000,0.97,500,5.0
1,258,26.848609924316406,1000,0.97,500,5.0
2,258,26.658985137939453,1000,0.97,500,5.0
0,258,37.92761993408203,1000,0.97,700,0.1
1,258,37.65259075164795,1000,0.97,700,0.1
2,258,37.30032396316528,1000,0.97,700,0.1
0,258,31.350715160369873,1000,0.97,700,1.0
1,258,31.43831467628479,1000,0.97,700,1.0
2,258,31.29900288581848,1000,0.97,700,1.0
0,258,25.17822241783142,1000,0.97,700,5.0
1,258,23.69740390777588,1000,0.97,700,5.0
2,258,24.187349557876587,1000,0.97,700,5.0
0,258,34.08838129043579,1000,0.99,100,0.1
1,258,33.66110157966614,1000,0.99,100,0.1
2,258,33.45186758041382,1000,0.99,100,0.1
0,258,28.96912670135498,1000,0.99,100,1.0
1,258,28.606130123138428,1000,0.99,100,1.0
2,258,28.839545249938965,1000,0.99,100,1.0
0,258,23.531673908233643,1000,0.99,100,5.0
1,258,19.602447986602783,1000,0.99,100,5.0
2,258,17.11103844642639,1000,0.99,100,5.0
0,258,25.07203507423401,1000,0.99,300,0.1
1,258,25.45609426498413,1000,0.99,300,0.1
2,258,25.56251358985901,1000,0.99,300,0.1
0,258,20.61823558807373,1000,0.99,300,1.0
1,258,20.828132390975952,1000,0.99,300,1.0
2,258,20.831745862960815,1000,0.99,300,1.0
0,258,17.705568075180054,1000,0.99,300,5.0
1,258,18.220624446868896,1000,0.99,300,5.0
2,258,18.264029264450073,1000,0.99,300,5.0
0,258,26.47803831100464,1000,0.99,500,0.1
1,258,26.5352725982666,1000,0.99,500,0.1
2,258,26.752284288406372,1000,0.99,500,0.1
0,258,21.784298419952393,1000,0.99,500,1.0
1,258,21.707125186920166,1000,0.99,500,1.0
2,258,21.33366346359253,1000,0.99,500,1.0
0,258,18.362426280975342,1000,0.99,500,5.0
1,258,18.655917406082153,1000,0.99,500,5.0
2,258,19.893452882766724,1000,0.99,500,5.0
0,258,32.09776449203491,1000,0.99,700,0.1
1,258,31.855849981307983,1000,0.99,700,0.1
2,258,31.639095306396484,1000,0.99,700,0.1
0,258,27.346466541290283,1000,0.99,700,1.0
1,258,27.004140615463257,1000,0.99,700,1.0
2,258,27.011043548583984,1000,0.99,700,1.0
0,258,22.77083396911621,1000,0.99,700,5.0
1,258,21.91857600212097,1000,0.99,700,5.0
2,258,19.224858283996582,1000,0.99,700,5.0
0,258,27.461150407791138,2000,0.9,100,0.1
1,258,27.69833517074585,2000,0.9,100,0.1
2,258,27.732558727264404,2000,0.9,100,0.1
0,258,22.41439461708069,2000,0.9,100,1.0
1,258,22.360875844955444,2000,0.9,100,1.0
2,258,22.677753925323486,2000,0.9,100,1.0
0,258,18.90347385406494,2000,0.9,100,5.0
1,258,20.265512943267822,2000,0.9,100,5.0
2,258,19.607930898666382,2000,0.9,100,5.0
0,258,29.82308053970337,2000,0.9,300,0.1
1,258,30.047168016433716,2000,0.9,300,0.1
2,258,29.884882926940918,2000,0.9,300,0.1
0,258,24.591398000717163,2000,0.9,300,1.0
1,258,24.82411789894104,2000,0.9,300,1.0
2,258,24.447596073150635,2000,0.9,300,1.0
0,258,21.508153915405273,2000,0.9,300,5.0
1,258,20.428269624710083,2000,0.9,300,5.0
2,258,20.058823108673096,2000,0.9,300,5.0
0,258,28.48081636428833,2000,0.9,500,0.1
1,258,28.62242102622986,2000,0.9,500,0.1
2,258,28.68936014175415,2000,0.9,500,0.1
0,258,23.795297622680664,2000,0.9,500,1.0
1,258,23.35765266418457,2000,0.9,500,1.0
2,258,23.28777050971985,2000,0.9,500,1.0
0,258,19.145798206329346,2000,0.9,500,5.0
1,258,19.375240802764893,2000,0.9,500,5.0
2,258,19.2566339969635,2000,0.9,500,5.0
0,258,28.823060989379883,2000,0.9,700,0.1
1,258,29.227576732635498,2000,0.9,700,0.1
2,258,28.36111807823181,2000,0.9,700,0.1
0,258,23.400869607925415,2000,0.9,700,1.0
1,258,23.907083749771118,2000,0.9,700,1.0
2,258,23.69832992553711,2000,0.9,700,1.0
0,258,19.587383031845093,2000,0.9,700,5.0
1,258,19.592402458190918,2000,0.9,700,5.0
2,258,19.125373601913452,2000,0.9,700,5.0
0,258,28.051953315734863,2000,0.95,100,0.1
1,258,27.62035846710205,2000,0.95,100,0.1
2,258,27.830935955047607,2000,0.95,100,0.1
0,258,22.382289171218872,2000,0.95,100,1.0
1,258,22.701650619506836,2000,0.95,100,1.0
2,258,22.635717153549194,2000,0.95,100,1.0
0,258,19.179911375045776,2000,0.95,100,5.0
1,258,19.265550136566162,2000,0.95,100,5.0
2,258,18.716647624969482,2000,0.95,100,5.0
0,258,27.319599628448486,2000,0.95,300,0.1
1,258,26.987021446228027,2000,0.95,300,0.1
2,258,27.307363748550415,2000,0.95,300,0.1
0,258,22.635923385620117,2000,0.95,300,1.0
1,258,22.10855507850647,2000,0.95,300,1.0
2,258,22.522371768951416,2000,0.95,300,1.0
0,258,18.66933274269104,2000,0.95,300,5.0
1,258,18.552630186080933,2000,0.95,300,5.0
2,258,19.045494079589844,2000,0.95,300,5.0
0,258,27.518123865127563,2000,0.95,500,0.1
1,258,27.85232138633728,2000,0.95,500,0.1
2,258,27.52024221420288,2000,0.95,500,0.1
0,258,22.582765340805054,2000,0.95,500,1.0
1,258,22.85792636871338,2000,0.95,500,1.0
2,258,23.078476905822754,2000,0.95,500,1.0
0,258,19.537702322006226,2000,0.95,500,5.0
1,258,20.333128213882446,2000,0.95,500,5.0
2,258,19.98810052871704,2000,0.95,500,5.0
0,258,28.700164079666138,2000,0.95,700,0.1
1,258,29.028382301330566,2000,0.95,700,0.1
2,258,28.503429412841797,2000,0.95,700,0.1
0,258,23.6992347240448,2000,0.95,700,1.0
1,258,23.214149951934814,2000,0.95,700,1.0
2,258,23.414997100830078,2000,0.95,700,1.0
0,258,19.95971417427063,2000,0.95,700,5.0
1,258,19.59707283973694,2000,0.95,700,5.0
2,258,19.377653121948242,2000,0.95,700,5.0
0,258,28.516982793807983,2000,0.97,100,0.1
1,258,27.99189305305481,2000,0.97,100,0.1
2,258,28.244105100631714,2000,0.97,100,0.1
0,258,23.013198614120483,2000,0.97,100,1.0
1,258,23.360517263412476,2000,0.97,100,1.0
2,258,23.873972415924072,2000,0.97,100,1.0
0,258,19.627946853637695,2000,0.97,100,5.0
1,258,19.17178750038147,2000,0.97,100,5.0
2,258,18.535529136657715,2000,0.97,100,5.0
0,258,26.633354663848877,2000,0.97,300,0.1
1,258,26.440731287002563,2000,0.97,300,0.1
2,258,26.85107159614563,2000,0.97,300,0.1
0,258,21.846915245056152,2000,0.97,300,1.0
1,258,21.7039897441864,2000,0.97,300,1.0
2,258,21.067685842514038,2000,0.97,300,1.0
0,258,18.10258412361145,2000,0.97,300,5.0
1,258,18.4895658493042,2000,0.97,300,5.0
2,258,18.772083282470703,2000,0.97,300,5.0
0,258,26.183414220809937,2000,0.97,500,0.1
1,258,26.427127361297607,2000,0.97,500,0.1
2,258,26.807886123657227,2000,0.97,500,0.1
0,258,22.008094787597656,2000,0.97,500,1.0
1,258,22.042262315750122,2000,0.97,500,1.0
2,258,21.830637454986572,2000,0.97,500,1.0
0,258,18.559173583984375,2000,0.97,500,5.0
1,258,18.105393886566162,2000,0.97,500,5.0
2,258,18.73175883293152,2000,0.97,500,5.0
0,258,26.53746008872986,2000,0.97,700,0.1
1,258,27.55393099784851,2000,0.97,700,0.1
2,258,27.17921781539917,2000,0.97,700,0.1
0,258,22.3023464679718,2000,0.97,700,1.0
1,258,22.31418466567993,2000,0.97,700,1.0
2,258,22.013960599899292,2000,0.97,700,1.0
0,258,18.437119960784912,2000,0.97,700,5.0
1,258,18.966915607452393,2000,0.97,700,5.0
2,258,18.765981197357178,2000,0.97,700,5.0
0,258,27.112194061279297,2000,0.99,100,0.1
1,258,27.827824115753174,2000,0.99,100,0.1
2,258,27.8373122215271,2000,0.99,100,0.1
0,258,23.293811321258545,2000,0.99,100,1.0
1,258,22.920594453811646,2000,0.99,100,1.0
2,258,22.95364236831665,2000,0.99,100,1.0
0,258,19.39025068283081,2000,0.99,100,5.0
1,258,19.752254962921143,2000,0.99,100,5.0
2,258,19.724804162979126,2000,0.99,100,5.0
0,258,28.745709896087646,2000,0.99,300,0.1
1,258,28.626657962799072,2000,0.99,300,0.1
2,258,28.559669733047485,2000,0.99,300,0.1
0,258,23.083359718322754,2000,0.99,300,1.0
1,258,22.74942708015442,2000,0.99,300,1.0
2,258,23.394197940826416,2000,0.99,300,1.0
0,258,19.222941637039185,2000,0.99,300,5.0
1,258,19.753663778305054,2000,0.99,300,5.0
2,258,21.388176679611206,2000,0.99,300,5.0
0,258,34.46868562698364,2000,0.99,500,0.1
1,258,35.42456650733948,2000,0.99,500,0.1
2,258,35.26904010772705,2000,0.99,500,0.1
0,258,28.038270711898804,2000,0.99,500,1.0
1,258,28.38000202178955,2000,0.99,500,1.0
2,258,28.95411205291748,2000,0.99,500,1.0
0,258,27.421292781829834,2000,0.99,500,5.0
1,258,27.91076922416687,2000,0.99,500,5.0
2,258,27.516406774520874,2000,0.99,500,5.0
0,258,40.2440824508667,2000,0.99,700,0.1
1,258,40.092151403427124,2000,0.99,700,0.1
2,258,39.62477993965149,2000,0.99,700,0.1
0,258,32.44598841667175,2000,0.99,700,1.0
1,258,32.438681840896606,2000,0.99,700,1.0
2,258,32.69105792045593,2000,0.99,700,1.0
0,258,27.049691200256348,2000,0.99,700,5.0
1,258,27.276475429534912,2000,0.99,700,5.0
2,258,27.38243007659912,2000,0.99,700,5.0
0,258,40.08059740066528,5000,0.9,100,0.1
1,258,39.932502031326294,5000,0.9,100,0.1
2,258,39.8033401966095,5000,0.9,100,0.1
0,258,32.87673044204712,5000,0.9,100,1.0
1,258,32.720576763153076,5000,0.9,100,1.0
2,258,32.65915656089783,5000,0.9,100,1.0
0,258,27.53880214691162,5000,0.9,100,5.0
1,258,27.67068648338318,5000,0.9,100,5.0
2,258,27.636079788208008,5000,0.9,100,5.0
0,258,40.147751569747925,5000,0.9,300,0.1
1,258,40.20508694648743,5000,0.9,300,0.1
2,258,40.03521800041199,5000,0.9,300,0.1
0,258,32.86840844154358,5000,0.9,300,1.0
1,258,32.52642250061035,5000,0.9,300,1.0
2,258,32.901073694229126,5000,0.9,300,1.0
0,258,27.720511436462402,5000,0.9,300,5.0
1,258,28.079574584960938,5000,0.9,300,5.0
2,258,27.968496799468994,5000,0.9,300,5.0
0,258,40.68963289260864,5000,0.9,500,0.1
1,258,40.88611888885498,5000,0.9,500,0.1
2,258,40.66228270530701,5000,0.9,500,0.1
0,258,33.03473782539368,5000,0.9,500,1.0
1,258,33.36039900779724,5000,0.9,500,1.0
2,258,33.50867533683777,5000,0.9,500,1.0
0,258,28.25163197517395,5000,0.9,500,5.0
1,258,27.795005083084106,5000,0.9,500,5.0
2,258,27.621360540390015,5000,0.9,500,5.0
0,258,40.4704110622406,5000,0.9,700,0.1
1,258,40.673238039016724,5000,0.9,700,0.1
2,258,40.70865774154663,5000,0.9,700,0.1
0,258,32.8974928855896,5000,0.9,700,1.0
1,258,33.03743577003479,5000,0.9,700,1.0
2,258,33.54036617279053,5000,0.9,700,1.0
0,258,28.01568293571472,5000,0.9,700,5.0
1,258,27.700711488723755,5000,0.9,700,5.0
2,258,27.487056970596313,5000,0.9,700,5.0
0,258,40.285093784332275,5000,0.95,100,0.1
1,258,40.77153563499451,5000,0.95,100,0.1
2,258,40.653053760528564,5000,0.95,100,0.1
0,258,32.998921155929565,5000,0.95,100,1.0
1,258,32.92167615890503,5000,0.95,100,1.0
2,258,33.04085969924927,5000,0.95,100,1.0
0,258,27.74804186820984,5000,0.95,100,5.0
1,258,27.599305152893066,5000,0.95,100,5.0
2,258,27.622705936431885,5000,0.95,100,5.0
0,258,40.120925188064575,5000,0.95,300,0.1
1,258,40.06462025642395,5000,0.95,300,0.1
2,258,40.27974843978882,5000,0.95,300,0.1
0,258,32.9142746925354,5000,0.95,300,1.0
1,258,32.55854868888855,5000,0.95,300,1.0
2,258,32.64574217796326,5000,0.95,300,1.0
0,258,27.54342818260193,5000,0.95,300,5.0
1,258,27.53066921234131,5000,0.95,300,5.0
2,258,27.444239377975464,5000,0.95,300,5.0
0,258,39.90711832046509,5000,0.95,500,0.1
1,258,40.35809588432312,5000,0.95,500,0.1
2,258,40.34635806083679,5000,0.95,500,0.1
0,258,32.45381283760071,5000,0.95,500,1.0
1,258,32.52571940422058,5000,0.95,500,1.0
2,258,32.56835150718689,5000,0.95,500,1.0
0,258,27.811146020889282,5000,0.95,500,5.0
1,258,28.078064680099487,5000,0.95,500,5.0
2,258,27.73306894302368,5000,0.95,500,5.0
0,258,40.63321781158447,5000,0.95,700,0.1
1,258,40.380552530288696,5000,0.95,700,0.1
2,258,40.21168494224548,5000,0.95,700,0.1
0,258,33.26739144325256,5000,0.95,700,1.0
1,258,33.17959213256836,5000,0.95,700,1.0
2,258,32.68292284011841,5000,0.95,700,1.0
0,258,27.85269069671631,5000,0.95,700,5.0
1,258,28.171374797821045,5000,0.95,700,5.0
2,258,24.172059535980225,5000,0.95,700,5.0
0,258,30.890971183776855,5000,0.97,100,0.1
1,258,30.55544376373291,5000,0.97,100,0.1
2,258,30.255086660385132,5000,0.97,100,0.1
0,258,25.28308343887329,5000,0.97,100,1.0
1,258,24.656554460525513,5000,0.97,100,1.0
2,258,23.60610866546631,5000,0.97,100,1.0
0,258,16.826999187469482,5000,0.97,100,5.0
1,258,17.73541784286499,5000,0.97,100,5.0
2,258,18.043540716171265,5000,0.97,100,5.0
0,258,26.503482818603516,5000,0.97,300,0.1
1,258,26.994989156723022,5000,0.97,300,0.1
2,258,26.899415969848633,5000,0.97,300,0.1
0,258,22.25936794281006,5000,0.97,300,1.0
1,258,21.923921585083008,5000,0.97,300,1.0
2,258,21.7624933719635,5000,0.97,300,1.0
0,258,18.738380193710327,5000,0.97,300,5.0
1,258,18.597979307174683,5000,0.97,300,5.0
2,258,18.510969638824463,5000,0.97,300,5.0
0,258,27.68181014060974,5000,0.97,500,0.1
1,258,27.296489000320435,5000,0.97,500,0.1
2,258,27.094686269760132,5000,0.97,500,0.1
0,258,22.09893250465393,5000,0.97,500,1.0
1,258,22.446017265319824,5000,0.97,500,1.0
2,258,22.418669939041138,5000,0.97,500,1.0
0,258,18.5994553565979,5000,0.97,500,5.0
1,258,21.820297479629517,5000,0.97,500,5.0
2,258,25.365147352218628,5000,0.97,500,5.0
0,258,38.28296256065369,5000,0.97,700,0.1
1,258,38.224891901016235,5000,0.97,700,0.1
2,258,38.370461225509644,5000,0.97,700,0.1
0,258,31.023610830307007,5000,0.97,700,1.0
1,258,31.282136917114258,5000,0.97,700,1.0
2,258,31.67714786529541,5000,0.97,700,1.0
0,258,27.765594959259033,5000,0.97,700,5.0
1,258,27.704650402069092,5000,0.97,700,5.0
2,258,27.317578554153442,5000,0.97,700,5.0
0,258,39.49629282951355,5000,0.99,100,0.1
1,258,39.99733924865723,5000,0.99,100,0.1
2,258,40.196226835250854,5000,0.99,100,0.1
0,258,32.514864444732666,5000,0.99,100,1.0
1,258,32.97242283821106,5000,0.99,100,1.0
2,258,32.544373989105225,5000,0.99,100,1.0
0,258,27.626137733459473,5000,0.99,100,5.0
1,258,27.01202654838562,5000,0.99,100,5.0
2,258,27.427030324935913,5000,0.99,100,5.0
0,258,34.20669984817505,5000,0.99,300,0.1
1,258,34.22776961326599,5000,0.99,300,0.1
2,258,33.7999951839447,5000,0.99,300,0.1
0,258,29.335238218307495,5000,0.99,300,1.0
1,258,27.370471954345703,5000,0.99,300,1.0
2,258,27.468854665756226,5000,0.99,300,1.0
0,258,21.270769596099854,5000,0.99,300,5.0
1,258,16.93445587158203,5000,0.99,300,5.0
2,258,19.788870573043823,5000,0.99,300,5.0
0,258,32.60972571372986,5000,0.99,500,0.1
1,258,32.884220600128174,5000,0.99,500,0.1
2,258,33.017683029174805,5000,0.99,500,0.1
0,258,26.865290641784668,5000,0.99,500,1.0
1,258,27.01221489906311,5000,0.99,500,1.0
2,258,26.94520616531372,5000,0.99,500,1.0
0,258,25.47484588623047,5000,0.99,500,5.0
1,258,25.504010438919067,5000,0.99,500,5.0
2,258,25.54696273803711,5000,0.99,500,5.0
0,258,36.92527937889099,5000,0.99,700,0.1
1,258,36.50606942176819,5000,0.99,700,0.1
2,258,36.94052720069885,5000,0.99,700,0.1
0,258,30.0661358833313,5000,0.99,700,1.0
1,258,30.201550006866455,5000,0.99,700,1.0
2,258,30.13666081428528,5000,0.99,700,1.0
0,258,25.017863512039185,5000,0.99,700,5.0
1,258,25.438345432281494,5000,0.99,700,5.0
2,258,24.657721519470215,5000,0.99,700,5.0
